MSE,MAE,R2
6056.686660300001,58.67882,0.9796055663429004
